1,The Shawshank Redemption,HORROR,1299,20,https://www.youtube.com/watch?v=PLl99DlL6b4&pp=ygUgVGhlIFNoYXdzaGFuayBSZWRlbXB0aW9uIHRyYWlsZXI%3D
2,The Godfather,ADVENTURE,1299,20,https://www.youtube.com/watch?v=UaVTIH8mujA&pp=ygUVdGhlIGdvZGZhdGhlciB0cmFpbGVy
3,Pulp Fiction,FAMILY,1299,20,https://www.youtube.com/watch?v=s7EdQ4FqbhY&pp=ygUUcHVscCBmaWN0aW9uIHRyYWlsZXI%3D
4,Inception,COMEDY,1299,20,https://www.youtube.com/watch?v=YoHD9XEInc0&pp=ygURaW5jZXB0aW9uIHRyYWlsZXI%3D
5,The Dark Knight,ADVENTURE,1299,20,https://www.youtube.com/watch?v=EXeTwQWrcwY&pp=ygUXdGhlIGRhcmsga25pZ2h0IHRyYWlsZXI%3D
7,Fight Club,SCIFI,1299,20,https://www.youtube.com/watch?v=qtRKdVHc-cE&pp=ygUSZmlnaHQgY2x1YiB0cmFpZWxy
8,The Matrix,HISTORY,1299,20,https://www.youtube.com/watch?v=vKQi3bBA1y8&pp=ygUSdGhlIG1hdHJpeCB0cmFpbGVy
9,Goodfellas,HORROR,1299,21,https://www.youtube.com/watch?v=2ilzidi_J8Q&pp=ygUSZ29vZGZlbGxhcyB0cmFpbGVy
10,Interstellar,ADVENTURE,1299,20,https://www.youtube.com/watch?v=zSWdZVtXT7E&pp=ygUUSW50ZXJzdGVsbGFyIHRyYWlsZXI%3D
11,Joe,HORROR,200,20,some_url
11,Joe_2,HORROR,200,20,some_url
12,Sawd,HORROR,200,20,some_url
